https://www.amazon.com/dp/B09VCZCR1W	VIZIO 50-inch MQX-Series 4K 120Hz QLED HDR10+ Smart TV with Dolby Vision, Active Full Array, 240Hz @ 1080p PC Gaming, WiFi 6E, Apple AirPlay, Chromecast Built-in, M50QXM-K01, 2023 Model	24% off	479.99	629.99	Wed 04 Oct 2023, 05:17AM
https://www.amazon.com/dp/B08DVJBMM3	Shark AV993 IQ Robot Vacuum, Self Cleaning Brushroll, Advanced Navigation, Perfect for Pet Hair, Compatible with Alexa, Wi Fi , Black	33% off	199.99	299.99	Wed 04 Oct 2023, 05:17AM
https://www.amazon.com/dp/B0B1NRZP6X	Blink Video Doorbell (Black) + Mini Camera (White) | Two-Way Audio, HD Video, Motion and Chime Alerts | Works with Alexa	47% off	49.98	94.98	Wed 04 Oct 2023, 05:17AM
https://www.amazon.com/dp/B0BDHWDR12	Apple AirPods Pro (2nd Gen) Wireless Earbuds, Up to 2X More Active Noise Cancelling, Adaptive Transparency, Personalized Spatial Audio MagSafe Charging Case (Lightning) Bluetooth Headphones for iPhone	0% off	199.00	249.00	Wed 04 Oct 2023, 05:17AM
https://www.amazon.com/dp/B08XVYZ1Y5	Amazon Fire TV Stick 4K, brilliant 4K streaming quality, TV and smart home controls, free and live TV	54% off	22.99	49.99	Wed 04 Oct 2023, 05:17AM
https://www.amazon.com/dp/B085VNCZHZ	Amazon eero Pro 6 mesh Wi-Fi 6 system | Fast and reliable gigabit speeds | connect 75+ devices | Coverage up to 6,000 sq. ft. | 3-pack, 2020 release	40% off	239.99	399.99	Wed 04 Oct 2023, 05:17AM
https://www.amazon.com/dp/B08LVSFN4X	INIU Wireless Charger, 15W Fast Wireless Charging Station with Sleep-Friendly Adaptive Light Compatible with iPhone 15 14 13 12 Pro XR XS 8 Plus Samsung Galaxy S23 S22 S21 S20 Note 20 10 Google etc	41% off	15.98	26.97	Wed 04 Oct 2023, 05:17AM
https://www.amazon.com/dp/B08DHLCLCY	TP-Link N300 WiFi Extender(RE105), WiFi Extenders Signal Booster for Home, Single Band WiFi Range Extender, Internet Booster, Supports Access Point, Wall Plug Design, 2.4Ghz only	20% off	15.99	19.99	Wed 04 Oct 2023, 05:17AM
https://www.amazon.com/dp/B08RHXTD1F	TUINYO Bluetooth Headphones Wireless, Over Ear Stereo Wireles Headset 40H Playtime with deep bass, Soft Memory-Protein Earmuffs, Built-in Mic Wired Mode PC/Cell Phones/TV-Dark Grey …	52% off	28.04	59.00	Wed 04 Oct 2023, 05:17AM
https://www.amazon.com/dp/B089DR29T6	Amazon Smart Plug | Works with Alexa | control lights with voice | easy to set up and use	48% off	12.99	24.99	Wed 04 Oct 2023, 05:17AM
https://www.amazon.com/dp/B00NX0WXQI	Utopia Bedding Queen Bed Sheets Set - 4 Piece Bedding - Brushed Microfiber - Shrinkage and Fade Resistant - Easy Care (Queen, Grey)	47% off	15.95	29.95	Wed 04 Oct 2023, 05:17AM
https://www.amazon.com/dp/B0BZT6VDFT	Shark HP102PET Clean Sense Air Purifier + Extra Pet Filter Bundle for Pet Hair, Allergies, HEPA Filter, 500 Sq Ft, Small Room, Captures 99.98% of Particles, Pet Dander, Fur & Odor, Portable, White	45% off	169.99	309.98	Wed 04 Oct 2023, 05:17AM
https://www.amazon.com/dp/B07SGNW31H	Pink Faux Fur Throw Blanket, Luxury Modern Blush Home Throw Blanket, Super Warm, Fuzzy, Elegant, Fluffy Thick Heavy Decoration Blanket Scarf for Sofa, Couch and Bed, 60''x 80''	50% off	28.99	57.99	Wed 04 Oct 2023, 05:17AM
https://www.amazon.com/dp/B07RFFJ7YL	Lepro RGB LED Strip Lights, Halloween Decor, 16.4ft Flexible LED Light Strip, 5050 SMD LED, Color Changing Rope Light with Remote Controller and 24V Power Supply for TV Backlight, Home, Bedroom, Bar	40% off	11.99	19.99	Wed 04 Oct 2023, 05:17AM
https://www.amazon.com/dp/B094Y3LMHC	FilmHoo 88 Pcs 4 Sizes Halloween Decorations PVC 3D, Scary Bats Wall Stickers Set DIY Bat Clings for Halloween Party Home Decor Indoor Outdoor (Black)	60% off	3.99	9.99	Wed 04 Oct 2023, 05:17AM
https://www.amazon.com/dp/B09XGRY7D3	Leebein Electric Spin Scrubber, Cordless Powerful Scrub Brush for Cleaning Bathroom, Kitchen, Shower Tub and Floor Tile with Adjustable Extension Long Handle and 8 Replaceable Brush Heads(Rose)	20% off	39.99	49.99	Wed 04 Oct 2023, 05:17AM
https://www.amazon.com/dp/B00NGVF4II	Shark HV322 Rocket Deluxe Pro Corded Stick Vacuum with LED Headlights, XL Dust Cup, Lightweight, Perfect for Pet Hair Pickup, Converts to a Hand Vacuum, with Pet Attachments, Bordeaux/Silver	52% off	119.99	249.99	Wed 04 Oct 2023, 05:17AM
https://www.amazon.com/dp/B08P28VMQF	BELLA 2.9QT Touchscreen Air Fryer Oven and 5-in-1 Multicooker with Removable NonstickDishwasher Safe Crisping Tray and Basket, 1400 Watt Heating System, Matte Blue	31% off	44.99	64.99	Wed 04 Oct 2023, 05:17AM
https://www.amazon.com/dp/B00B7N00JU	Hamilton Beach Programmable Slow Cooker with Flexible Easy Programming, 5 Cooking Times, Dishwasher-Safe Crock, Lid, 7 Quart, Silver	20% off	45.59	56.99	Wed 04 Oct 2023, 05:17AM
https://www.amazon.com/dp/B09B18V4B9	KitchenAid Metal Semi-Automatic Espresso Machine - KES6503,Black, 1.4 Liters	25% off	299.95	399.99	Wed 04 Oct 2023, 05:17AM
https://www.amazon.com/dp/B0B1FB6RV5	Instant Stand Mixer Pro, 600W 10-Speed Electric Mixer with Digital Interface, 7.4-Qt Stainless Steel Bowl, From the Makers of Instant Pot, Dishwasher Safe Whisk, Dough Hook and Mixing Paddle, Pearl	33% off	199.95	299.99	Wed 04 Oct 2023, 05:17AM
https://www.amazon.com/dp/B0764HS4SL	Fullstar Vegetable Chopper - Spiralizer Vegetable Slicer - Onion Chopper with Container - Pro Food Chopper - Slicer Dicer Cutter - (4 in 1, White)	40% off	23.95	39.99	Wed 04 Oct 2023, 05:17AM
https://www.amazon.com/dp/B08V53VFZQ	CAROTE Nonstick Pots and Pans Set,Cookware Sets 10 Pcs Nonstick, Healthy Non Stick Induction Stone Cookware Kitchen Granite Cooking Set w/Frying Pans & Saucepan, PFOS, PFOA Free (Brown Granite)	31% off	89.98	129.99	Wed 04 Oct 2023, 05:17AM
https://www.amazon.com/dp/B0BBXZTJ31	Ninja KT200BL Precision Temperature Electric Kettle, 1500 watts, BPA Free, Stainless, 7-Cup Capacity, Hold Temp Setting, Blue Stainless	40% off	59.99	99.99	Wed 04 Oct 2023, 05:17AM
https://www.amazon.com/dp/B09S4PVZ81	Kitsch Satin Heatless Curling Set - Hair Rollers for Heatless Curls | Heatless Hair Curlers & Hot Rollers | Hair Curlers to Sleep in | Heatless Curling Rod Headband | Heatless Curler (SunsetTieDye)	15% off	13.58	15.98	Wed 04 Oct 2023, 05:17AM
https://www.amazon.com/dp/B08PNTKS24	RENPHO Weighted Heating Pad for Back Pain Relief, 24" x33'' Electric Heat Pads for Neck and Shoulders, Fast-Heating, Auto Shut Off, Gifts for Women, ETL Certified, Blue	40% off	35.98	59.99	Wed 04 Oct 2023, 05:17AM
https://www.amazon.com/dp/B073GSVW2C	Coolife Luggage 3 Piece Set Suitcase Spinner Hardshell Lightweight TSA Lock	49% off	151.99	299.99	Wed 04 Oct 2023, 05:17AM
https://www.amazon.com/dp/B093GFWF24	Gemice Travel Bottles for Toiletries, Tsa Approved, Travel Size Containers, BPA Free Leak Proof Tubs Refillable Liquid Accessories for Cometic Shampoo and Lotion Soap	13% off	10.39	11.99	Wed 04 Oct 2023, 05:17AM
https://www.amazon.com/dp/B07Z3GKWH8	Fog Machine with Lights - 3 Stage LED Lights with 12 Colors & Strobe Effect for Party Wedding Holiday Christmas - Fansteck 500W Upgraded Remote Portable Smoke Machine	41% off	41.39	69.99	Wed 04 Oct 2023, 05:17AM
https://www.amazon.com/dp/B09287RWTQ	PEIDUO Halloween Decorations Outdoor, 4FT Inflatable Pumpkin Halloween Decorations with 52 Orange LED Lights, Waterproof Halloween Blow up Yard Decorations for Garden Lawn Porch Outside Holiday Decor	0% off	na	na	Wed 04 Oct 2023, 05:17AM
https://www.amazon.com/dp/B08YQRPYPS	Interchangeable Seasonal Welcome Sign Front Door Decoration, Rustic Round Wood Wreaths Wall Hanging Outdoor, Farmhouse, Porch, for Spring Summer Fall All Seasons Holiday Halloween Christmas.	33% off	17.99	26.99	Wed 04 Oct 2023, 05:17AM
https://www.amazon.com/dp/B0030BG1CC	Greenworks 7 Amp 160 MPH/150 CFM Single Speed Electric Blower, 24012	41% off	29.50	49.99	Wed 04 Oct 2023, 05:17AM
https://www.amazon.com/dp/B0BW39Y3GC	Projector 4K with Android TV, YABER K2s 800 ANSI WiFi 6 Bluetooth Projector, Sound by JBL, Dolby Audio, Auto Focus & Keystone, Native 1080P 4K Supported Outdoor Movie Projector with Netflix 7000+ Apps	33% off	399.99	599.99	Wed 04 Oct 2023, 05:17AM
https://www.amazon.com/dp/B07XZJ83SH	AYOGU Classic Crashing Witch, Hanging Halloween Decor Crashed Witch Outdoor Halloween Decorations (witch)	0% off	15.99	28.99	Wed 04 Oct 2023, 05:17AM
https://www.amazon.com/dp/B0CDYYKPWV	Ninja OG751BRN Woodfire Pro Outdoor Grill and Smoker with Built in Thermometer, 7 in 1 Master Grill, Grey, Electric, with XSKCOVER Cover + XSKOP2RL All Purpose Blend Pellets+XSKUNSTAND Stand	20% off	449.99	565.96	Wed 04 Oct 2023, 05:17AM
https://www.amazon.com/dp/B09VCZCR1W	VIZIO 50-inch MQX-Series 4K 120Hz QLED HDR10+ Smart TV with Dolby Vision, Active Full Array, 240Hz @ 1080p PC Gaming, WiFi 6E, Apple AirPlay, Chromecast Built-in, M50QXM-K01, 2023 Model	24% off	479.99	629.99	Wed 04 Oct 2023, 05:21AM
https://www.amazon.com/dp/B08DVJBMM3	Shark AV993 IQ Robot Vacuum, Self Cleaning Brushroll, Advanced Navigation, Perfect for Pet Hair, Compatible with Alexa, Wi Fi , Black	33% off	199.99	299.99	Wed 04 Oct 2023, 05:21AM
https://www.amazon.com/dp/B0B1NRZP6X	Blink Video Doorbell (Black) + Mini Camera (White) | Two-Way Audio, HD Video, Motion and Chime Alerts | Works with Alexa	47% off	49.98	94.98	Wed 04 Oct 2023, 05:21AM
https://www.amazon.com/dp/B0BDHWDR12	Apple AirPods Pro (2nd Gen) Wireless Earbuds, Up to 2X More Active Noise Cancelling, Adaptive Transparency, Personalized Spatial Audio MagSafe Charging Case (Lightning) Bluetooth Headphones for iPhone	0% off	199.00	249.00	Wed 04 Oct 2023, 05:21AM
https://www.amazon.com/dp/B08XVYZ1Y5	Amazon Fire TV Stick 4K, brilliant 4K streaming quality, TV and smart home controls, free and live TV	54% off	22.99	49.99	Wed 04 Oct 2023, 05:21AM
https://www.amazon.com/dp/B085VNCZHZ	Amazon eero Pro 6 mesh Wi-Fi 6 system | Fast and reliable gigabit speeds | connect 75+ devices | Coverage up to 6,000 sq. ft. | 3-pack, 2020 release	40% off	239.99	399.99	Wed 04 Oct 2023, 05:21AM
https://www.amazon.com/dp/B08LVSFN4X	INIU Wireless Charger, 15W Fast Wireless Charging Station with Sleep-Friendly Adaptive Light Compatible with iPhone 15 14 13 12 Pro XR XS 8 Plus Samsung Galaxy S23 S22 S21 S20 Note 20 10 Google etc	41% off	15.98	26.97	Wed 04 Oct 2023, 05:21AM
https://www.amazon.com/dp/B08DHLCLCY	TP-Link N300 WiFi Extender(RE105), WiFi Extenders Signal Booster for Home, Single Band WiFi Range Extender, Internet Booster, Supports Access Point, Wall Plug Design, 2.4Ghz only	20% off	15.99	19.99	Wed 04 Oct 2023, 05:21AM
https://www.amazon.com/dp/B08RHXTD1F	TUINYO Bluetooth Headphones Wireless, Over Ear Stereo Wireles Headset 40H Playtime with deep bass, Soft Memory-Protein Earmuffs, Built-in Mic Wired Mode PC/Cell Phones/TV-Dark Grey …	52% off	28.04	59.00	Wed 04 Oct 2023, 05:21AM
https://www.amazon.com/dp/B089DR29T6	Amazon Smart Plug | Works with Alexa | control lights with voice | easy to set up and use	48% off	12.99	24.99	Wed 04 Oct 2023, 05:21AM
https://www.amazon.com/dp/B00NX0WXQI	Utopia Bedding Queen Bed Sheets Set - 4 Piece Bedding - Brushed Microfiber - Shrinkage and Fade Resistant - Easy Care (Queen, Grey)	47% off	15.95	29.95	Wed 04 Oct 2023, 05:21AM
https://www.amazon.com/dp/B0BZT6VDFT	Shark HP102PET Clean Sense Air Purifier + Extra Pet Filter Bundle for Pet Hair, Allergies, HEPA Filter, 500 Sq Ft, Small Room, Captures 99.98% of Particles, Pet Dander, Fur & Odor, Portable, White	45% off	169.99	309.98	Wed 04 Oct 2023, 05:21AM
https://www.amazon.com/dp/B07SGNW31H	Pink Faux Fur Throw Blanket, Luxury Modern Blush Home Throw Blanket, Super Warm, Fuzzy, Elegant, Fluffy Thick Heavy Decoration Blanket Scarf for Sofa, Couch and Bed, 60''x 80''	50% off	28.99	57.99	Wed 04 Oct 2023, 05:21AM
https://www.amazon.com/dp/B07RFFJ7YL	Lepro RGB LED Strip Lights, Halloween Decor, 16.4ft Flexible LED Light Strip, 5050 SMD LED, Color Changing Rope Light with Remote Controller and 24V Power Supply for TV Backlight, Home, Bedroom, Bar	40% off	11.99	19.99	Wed 04 Oct 2023, 05:21AM
https://www.amazon.com/dp/B094Y3LMHC	FilmHoo 88 Pcs 4 Sizes Halloween Decorations PVC 3D, Scary Bats Wall Stickers Set DIY Bat Clings for Halloween Party Home Decor Indoor Outdoor (Black)	60% off	3.99	9.99	Wed 04 Oct 2023, 05:21AM
https://www.amazon.com/dp/B09XGRY7D3	Leebein Electric Spin Scrubber, Cordless Powerful Scrub Brush for Cleaning Bathroom, Kitchen, Shower Tub and Floor Tile with Adjustable Extension Long Handle and 8 Replaceable Brush Heads(Rose)	20% off	39.99	49.99	Wed 04 Oct 2023, 05:21AM
https://www.amazon.com/dp/B00NGVF4II	Shark HV322 Rocket Deluxe Pro Corded Stick Vacuum with LED Headlights, XL Dust Cup, Lightweight, Perfect for Pet Hair Pickup, Converts to a Hand Vacuum, with Pet Attachments, Bordeaux/Silver	52% off	119.99	249.99	Wed 04 Oct 2023, 05:21AM
https://www.amazon.com/dp/B08P28VMQF	BELLA 2.9QT Touchscreen Air Fryer Oven and 5-in-1 Multicooker with Removable NonstickDishwasher Safe Crisping Tray and Basket, 1400 Watt Heating System, Matte Blue	31% off	44.99	64.99	Wed 04 Oct 2023, 05:21AM
https://www.amazon.com/dp/B00B7N00JU	Hamilton Beach Programmable Slow Cooker with Flexible Easy Programming, 5 Cooking Times, Dishwasher-Safe Crock, Lid, 7 Quart, Silver	20% off	45.59	56.99	Wed 04 Oct 2023, 05:21AM
https://www.amazon.com/dp/B09B18V4B9	KitchenAid Metal Semi-Automatic Espresso Machine - KES6503,Black, 1.4 Liters	25% off	299.95	399.99	Wed 04 Oct 2023, 05:21AM
https://www.amazon.com/dp/B0B1FB6RV5	Instant Stand Mixer Pro, 600W 10-Speed Electric Mixer with Digital Interface, 7.4-Qt Stainless Steel Bowl, From the Makers of Instant Pot, Dishwasher Safe Whisk, Dough Hook and Mixing Paddle, Pearl	33% off	199.95	299.99	Wed 04 Oct 2023, 05:21AM
https://www.amazon.com/dp/B0764HS4SL	Fullstar Vegetable Chopper - Spiralizer Vegetable Slicer - Onion Chopper with Container - Pro Food Chopper - Slicer Dicer Cutter - (4 in 1, White)	40% off	23.95	39.99	Wed 04 Oct 2023, 05:21AM
https://www.amazon.com/dp/B08V53VFZQ	CAROTE Nonstick Pots and Pans Set,Cookware Sets 10 Pcs Nonstick, Healthy Non Stick Induction Stone Cookware Kitchen Granite Cooking Set w/Frying Pans & Saucepan, PFOS, PFOA Free (Brown Granite)	31% off	89.98	129.99	Wed 04 Oct 2023, 05:21AM
https://www.amazon.com/dp/B0BBXZTJ31	Ninja KT200BL Precision Temperature Electric Kettle, 1500 watts, BPA Free, Stainless, 7-Cup Capacity, Hold Temp Setting, Blue Stainless	40% off	59.99	99.99	Wed 04 Oct 2023, 05:21AM
https://www.amazon.com/dp/B09S4PVZ81	Kitsch Satin Heatless Curling Set - Hair Rollers for Heatless Curls | Heatless Hair Curlers & Hot Rollers | Hair Curlers to Sleep in | Heatless Curling Rod Headband | Heatless Curler (SunsetTieDye)	15% off	13.58	15.98	Wed 04 Oct 2023, 05:21AM
https://www.amazon.com/dp/B08PNTKS24	RENPHO Weighted Heating Pad for Back Pain Relief, 24" x33'' Electric Heat Pads for Neck and Shoulders, Fast-Heating, Auto Shut Off, Gifts for Women, ETL Certified, Blue	40% off	35.98	59.99	Wed 04 Oct 2023, 05:21AM
https://www.amazon.com/dp/B073GSVW2C	Coolife Luggage 3 Piece Set Suitcase Spinner Hardshell Lightweight TSA Lock	49% off	151.99	299.99	Wed 04 Oct 2023, 05:21AM
https://www.amazon.com/dp/B093GFWF24	Gemice Travel Bottles for Toiletries, Tsa Approved, Travel Size Containers, BPA Free Leak Proof Tubs Refillable Liquid Accessories for Cometic Shampoo and Lotion Soap	13% off	10.39	11.99	Wed 04 Oct 2023, 05:21AM
https://www.amazon.com/dp/B07Z3GKWH8	Fog Machine with Lights - 3 Stage LED Lights with 12 Colors & Strobe Effect for Party Wedding Holiday Christmas - Fansteck 500W Upgraded Remote Portable Smoke Machine	41% off	41.39	69.99	Wed 04 Oct 2023, 05:21AM
https://www.amazon.com/dp/B09287RWTQ	PEIDUO Halloween Decorations Outdoor, 4FT Inflatable Pumpkin Halloween Decorations with 52 Orange LED Lights, Waterproof Halloween Blow up Yard Decorations for Garden Lawn Porch Outside Holiday Decor	0% off	na	na	Wed 04 Oct 2023, 05:21AM
https://www.amazon.com/dp/B08YQRPYPS	Interchangeable Seasonal Welcome Sign Front Door Decoration, Rustic Round Wood Wreaths Wall Hanging Outdoor, Farmhouse, Porch, for Spring Summer Fall All Seasons Holiday Halloween Christmas.	33% off	17.99	26.99	Wed 04 Oct 2023, 05:21AM
https://www.amazon.com/dp/B0030BG1CC	Greenworks 7 Amp 160 MPH/150 CFM Single Speed Electric Blower, 24012	41% off	29.50	49.99	Wed 04 Oct 2023, 05:21AM
https://www.amazon.com/dp/B0BW39Y3GC	Projector 4K with Android TV, YABER K2s 800 ANSI WiFi 6 Bluetooth Projector, Sound by JBL, Dolby Audio, Auto Focus & Keystone, Native 1080P 4K Supported Outdoor Movie Projector with Netflix 7000+ Apps	33% off	399.99	599.99	Wed 04 Oct 2023, 05:21AM
https://www.amazon.com/dp/B07XZJ83SH	AYOGU Classic Crashing Witch, Hanging Halloween Decor Crashed Witch Outdoor Halloween Decorations (witch)	0% off	15.99	28.99	Wed 04 Oct 2023, 05:21AM
https://www.amazon.com/dp/B0CDYYKPWV	Ninja OG751BRN Woodfire Pro Outdoor Grill and Smoker with Built in Thermometer, 7 in 1 Master Grill, Grey, Electric, with XSKCOVER Cover + XSKOP2RL All Purpose Blend Pellets+XSKUNSTAND Stand	20% off	449.99	565.96	Wed 04 Oct 2023, 05:21AM
