https://www.ebay.com/itm/134638042371?_trkparms=5373%3A0%7C5374%3AFeatured	Apple MacBook Pro Mneh3ll/a 2022 All Colors M2 - 8GB -10 GPU -  13.3" 256GB SSD	US $899.00	Thu 05 Oct 2023, 01:12AM
https://www.ebay.com/itm/225667987522?_trkparms=5373%3A0%7C5374%3AFeatured	Under Armour Men's Micro G Valsetz Zip Mid Tactical Boots	US $89.99	Thu 05 Oct 2023, 01:12AM
https://www.ebay.com/itm/383791923777?_trkparms=5373%3A0%7C5374%3AFeatured	2021 Apple iPad 9th Gen 64/256GB WiFi 10.2"	US $304.99	Thu 05 Oct 2023, 01:12AM
https://www.ebay.com/itm/284388386215?_trkparms=5373%3A0%7C5374%3AFeatured	Walker's Razor Slim Electronic Shooting Muffs 5-Pack, OD Green - American Flag	US $239.99	Thu 05 Oct 2023, 01:12AM
https://www.ebay.com/itm/354557412430?_trkparms=5373%3A0%7C5374%3AFeatured	SAMSUNG Galaxy S23, S23+, S23Ultra 5G Unlocked Smartphone Cellphone	US $869.49	Thu 05 Oct 2023, 01:12AM
https://www.ebay.com/itm/275296794239?_trkparms=5373%3A0%7C5374%3AFeatured	PUMA Men's Viz Runner Repeat Running Sneakers	US $31.99	Thu 05 Oct 2023, 01:12AM
https://www.ebay.com/itm/334470199829?_trkparms=5373%3A0%7C5374%3AFeatured	Samsung Galaxy S20 5G Unlocked G981U 128GB Android Smartphone	US $144.00	Thu 05 Oct 2023, 01:12AM
https://www.ebay.com/itm/284622928457?_trkparms=5373%3A0%7C5374%3AFeatured	PUMA Men's Astro Kick Sneakers	US $27.99	Thu 05 Oct 2023, 01:12AM
https://www.ebay.com/itm/165560220458?_trkparms=5373%3A0%7C5374%3AFeatured	Pokemon Lost Origin Booster Box TCG Presell | Ships week of Sept 9	US $145.06	Thu 05 Oct 2023, 01:12AM
https://www.ebay.com/itm/275451210960?_trkparms=5373%3A0%7C5374%3AFeatured	PUMA Men's Redon Bungee Shoes	US $28.99	Thu 05 Oct 2023, 01:12AM
https://www.ebay.com/itm/165153283558?_trkparms=5373%3A0%7C5374%3AFeatured	1 POKEMON BOOSTERS FACTORY SEALED BUNDLE ALL SETS | 12 PACK	US $36.44	Thu 05 Oct 2023, 01:12AM
https://www.ebay.com/itm/325389825157?_trkparms=5373%3A0%7C5374%3AFeatured	PS5 Sony PlayStation 5 Console Disc Version!	US $449.99	Thu 05 Oct 2023, 01:12AM
https://www.ebay.com/itm/294389381130?_trkparms=5373%3A0%7C5374%3AFeatured	Apple iPhone 8 Plus 64GB Unlocked AT&T T-Mobile Verizon Excellent Condition	US $174.95	Thu 05 Oct 2023, 01:12AM
https://www.ebay.com/itm/144967883306?_trkparms=5373%3A0%7C5374%3AFeatured	CAT Phone S62 - 128GB - Rugged Waterproof Smartphone - Unlocked - OPEN BOX	US $124.00	Thu 05 Oct 2023, 01:12AM
https://www.ebay.com/itm/194994080190?_trkparms=5373%3A0%7C5374%3AFeatured	CAT S62 128GB - Black - (T-Mobile Unlocked ) - Smartphone - Very Good	US $99.99	Thu 05 Oct 2023, 01:12AM
https://www.ebay.com/itm/193600718431?_trkparms=5373%3A0%7C5374%3AFeatured	LG V50 ThinQ 5G 128GB (Sprint Unlocked) Smartphone Black OPEN BOX	US $159.99	Thu 05 Oct 2023, 01:12AM
https://www.ebay.com/itm/255441789196?_trkparms=5373%3A0%7C5374%3AFeatured	Merlin Premier Gold 1998  Trading Cards Box (36 Pack)	US $250.00	Thu 05 Oct 2023, 01:12AM
https://www.ebay.com/itm/325433620694?_trkparms=5373%3A0%7C5374%3AFeatured	Sony PlayStation 5 PS5 Console Disc Edition Brand New Sealed Fast Free Shipping!	US $451.94	Thu 05 Oct 2023, 01:12AM
https://www.ebay.com/itm/385415064962?_trkparms=5373%3A0%7C5374%3AFeatured	iRobot Roomba s9+ Self-Emptying Vacuum Cleaning Robot - Certified Refurbished!	US $499.99	Thu 05 Oct 2023, 01:12AM
